{"learning_rate": 0.02225732018902561, "num_leaves": 145, "min_data_in_leaf": 51, "bagging_fraction": 0.9464338422254237, "colsample_bytree": 0.9520001331598361, "n_estimators": 500, "bagging_freq": 1}